global_holdout_order,problem_name,instance_id,source_type,sif_N,dimension,dimension_group,objective_type,constraints,origin,derivative_degree,regular,internal_variables,f_at_x0,minimum_bound,maximum_bound,minimum_box_width,maximum_box_width,selection_hash,final_selection_hash,nonselection_reason,holdout_selection_hash,base_overlaps_development
1,DIAGNQE,DIAGNQE[N=10],scalable,10.0,10,small_2_20,quadratic,bound,academic,2,True,False,-17.5,-100000.0,1000000.0,1100000.0,1100000.0,81d3ac20ab0ef4080e23977a72a368b116beec3b20194a47cda2fd1c33581b55,986f661b36f7af50d0c3df9f308e80778e971d9e5d6c90c7a4eb3afcfe0e21a9,valid_but_not_selected_after_stratum_target_reached,20ac3f8a3cdb5f6b3552101f82fa02fbfd12f48cab54def6eccc796d06c2b16d,True
2,SINEALI,SINEALI[N=10],scalable,10.0,10,small_2_20,other,bound,academic,2,True,False,-0.8414709848078965,-4.7123889803,1.8493666495,6.283185307,6.2831853071,daf40c848111aae12c3ba64c5b29577f4bf5cbb7e98ec371a572078d3317beb7,59aa3dfc3d4c184aa24f6d9f44c1f68effc5d48df42658d25e4dee9357908ad1,valid_but_not_selected_after_stratum_target_reached,28c322ec73466d2cc4bae15d179e8b2781668c97682fbed11c434511365509b7,True
3,NCVXBQP2,NCVXBQP2[N=10],scalable,10.0,10,small_2_20,quadratic,bound,academic,2,True,False,-28.125,0.1,10.0,9.9,9.9,b404f1482933ca3ca42d54234e997d22f17e127b9622a316d8741aba7e5746b5,bae49c5c96f151a4971fc33daa042c89ef1d45f69ef62e970fca12d8824c02d3,valid_but_not_selected_after_stratum_target_reached,29827dd90e6e7722048bf7ce5028c37f85c4f820cc6b90c7b4daf06da47e448e,True
4,PROBPENL,PROBPENL[N=10],scalable,10.0,10,small_2_20,other,bound,academic,2,True,False,1600.0000700920689,-5.0,5.0,10.0,10.0,a6de82405912291f229b7bb030a5b7ce76124760c39396b774b955416d96865b,d2a0af4e1904145bbf4bf1f792c4e4a3e26fc6ce173e788e1118417690f87f8c,valid_but_not_selected_after_stratum_target_reached,302391ce91197d03453eed1518310b638228868338fa2bd28c80616e435a6efc,True
5,CHEBYQAD,CHEBYQAD[N=10],scalable,10.0,10,small_2_20,sum of squares,bound,academic,2,True,False,0.0337632654623517,0.0,1.0,1.0,1.0,78c7f63fa0ad06744292f8792a949090c8aca05550ebbbfe5af53f2b14a54fe9,0999e73df0a285f38a27bc71ac1b1fc4012d51b05cd6ab5ed18abccf46e66cac,valid_but_not_selected_after_stratum_target_reached,33d89b443ed076bac03354b7d312d01bfe0aa2d9d875e7610b78d4a44da81221,True
6,DIAGIQE,DIAGIQE[N=10],scalable,10.0,10,small_2_20,quadratic,bound,academic,2,True,False,12.5,-100000.0,1000000.0,1100000.0,1100000.0,cfef66c16a095d915ce3aad9a8871d5a8c7351dd888cbb737b799b883b02ee20,26316e31767e5ce84800f0fa909a932e270daf9418c547521e8b497de64ed758,valid_but_not_selected_after_stratum_target_reached,571bafe04cab83fe47b737845b6dd17306eb0ff951cec8e915a812f82dff024c,True
7,DIAGNQT,DIAGNQT[N=10],scalable,10.0,10,small_2_20,quadratic,bound,academic,2,True,False,-9.25,-100000.0,1000000.0,1100000.0,1100000.0,0a05c54832accb3c971955f22dbb30409867ef20d2e9e98e1787b82ce8227063,179fc159c9b1200ef986b2290d194a50bd3869a6779c76d194a556c30f89b1f0,valid_but_not_selected_after_stratum_target_reached,7ffa341bd41803b30295452c0c527976da774a35ad22d099ff3e3c4250782a96,True
8,S368,S368[N=8],scalable,8.0,8,small_2_20,other,bound,modelling,2,True,False,-0.206743551966301,0.0,1.0,1.0,1.0,12548001ab0d7aac6ebe424ad191fbdd9006cfbc77bcf780f476b200de4aaeea,8e600572161b82a13f5893d4af57c039390bb5ae2ae40b192aaf6eb60939b1e7,valid_but_not_selected_after_stratum_target_reached,8091a30d04d56335b7fd509b8bc2c98540402ac2ccdc8b3423d04dd0c1b88bdd,True
9,DIAGNQB,DIAGNQB[N=10],scalable,10.0,10,small_2_20,quadratic,bound,academic,2,True,False,-21.250000000000004,-100000.0,1000000.0,1100000.0,1100000.0,d41bbae75ec8cd6be385228ceca65797e8212bd937d7a43c7ccf2b7df3d5b2e4,af8f76a4eec1019ead487adfdc7f2802b1c0145b6e2d4c25de850351280f22c5,valid_but_not_selected_after_stratum_target_reached,8260dbc3057b0fb70b235d5631236e9445a47334d8cb30a7ae84262c5863c564,True
10,CVXBQP1,CVXBQP1[N=10],scalable,10.0,10,small_2_20,quadratic,bound,academic,2,True,False,61.875,0.1,10.0,9.9,9.9,73ed396f4e79f20d51c28124b33e2e342e10a8c69a587eb02e9525dfd6e8ddd1,681a624ea40a8967a0e2201b7a9441be2d378be7345bea8f345ba34a5fc64076,valid_but_not_selected_after_stratum_target_reached,894137c3141329ca14be2e898df692aa41b85e7221581e404d3ff0052fbd201f,True
11,QINGB,QINGB[N=5],scalable,5.0,5,small_2_20,sum of squares,bound,modelling,2,True,False,30.0,-500.0,500.0,1000.0,1000.0,7ea6a8055d4657f7814f8749f5bb37f28373da45af63816df2f1de54ffb90307,8565e03f15df3c5c01b0179a242d732a1a5b282c93338caebe77f619c3433aea,valid_but_not_selected_after_stratum_target_reached,94bbfda5b389780054741cf859538c755aa6abcbd7d25c4ef2e451b1fb79129c,True
12,NONSCOMP,NONSCOMP[N=50],scalable,50.0,50,medium_21_100,sum of squares,bound,academic,2,True,False,7060.0,-100.0,100.0,99.0,200.0,ae62c2b70a2c0e9002775058e776813419682406cc8ae83e060446faa0796818,f647e8cbfc3975aa57f5bf02c81f17953bffb4c42edda80e29a18c85caa01f14,valid_but_not_selected_after_stratum_target_reached,140330cb96f449f9592be76e8727a5c0359f27b32a80165cef0b25ebd7044029,True
13,DIAGPQT,DIAGPQT[N=50],scalable,50.0,50,medium_21_100,quadratic,bound,academic,2,True,False,871.25,-100000.0,1000000.0,1100000.0,1100000.0,27c224c6dd3527659284cb98f0b5e72f9242476fb11d6efb35313b9f31372d6d,67b28148627f9545c8b0409c73bcdf569c74ad50172248d8815ce1ae50d36b3d,valid_but_not_selected_after_stratum_target_reached,4d49828a97126a069424b010a6ec6bb0835a79731df89eb9dc75486d466663ba,True
14,HS110,HS110[N=50],scalable,50.0,50,medium_21_100,sum of squares,bound,academic,2,True,False,-3486785353.286798,2.001,9.999,7.998000000000001,7.998000000000001,d4150abdd496aafa217def36f1e3edd9b5f0d88768211feab617c6ea2ec3fee4,3943f39f1a355173488ebc7cdd5d2c143be8b44a7ec954b7de581580e9bfb4f8,valid_but_not_selected_after_stratum_target_reached,57a2b3dfa12570eef06fc9037f53b4dfc48df6a9245ca128db318659e80bfe63,True
15,DIAGIQB,DIAGIQB[N=50],scalable,50.0,50,medium_21_100,quadratic,bound,academic,2,True,False,-145.25000000000003,-100000.0,1000000.0,1100000.0,1100000.0,d93d971617f368c0bbcfaf176c27420fce5fcae9813f574887be453611286f4f,8631dfed0db49c4c2e90b397f6f7febd724430651fb9448dd0b8fa7abccf881d,valid_but_not_selected_after_stratum_target_reached,7296aabfebbe5cd96034da2a034b683752910b26705169d31b8b0ab35d4a31cc,True
16,DIAGPQB,DIAGPQB[N=50],scalable,50.0,50,medium_21_100,quadratic,bound,academic,2,True,False,479.25000000000006,-100000.0,1000000.0,1100000.0,1100000.0,2e0caca5f732cf2be5c710798b920c3deefa9959b889203281a8c56b572cbf01,3f3557fc5566aad1b93ce7f31e97966f50c89499756cce4fa9f7f85c8fb6d5af,valid_but_not_selected_after_stratum_target_reached,c901714fb8359879316c3d8f34177aaf21e03318e3351638dcfbfbbdeee031aa,True
17,DIAGNQB,DIAGNQB[N=50],scalable,50.0,50,medium_21_100,quadratic,bound,academic,2,True,False,-771.25,-100000.0,1000000.0,1100000.0,1100000.0,4d2f78aa063ede3bb454ee23b78b788979573432a39302d82f2745e48f7e6a1f,c14ef72b460bb2a9b7a5734cde5b727aaeda1743c4dd12f61e1cf5a8a0c550c8,valid_but_not_selected_after_stratum_target_reached,ea542014176b206edf2815bb9595249965c3b4261decbab4465e648051764388,True
18,DIAGNQE,DIAGNQE[N=50],scalable,50.0,50,medium_21_100,quadratic,bound,academic,2,True,False,-587.5,-100000.0,1000000.0,1100000.0,1100000.0,1684182bf93aba8c4e84cf3622791446ff3ee5c7350b660c08bf62cd08b6f3fd,20875e8571af69028300b39325434dabac5c9a275bf10de3e3af43d842b5cde6,valid_but_not_selected_after_stratum_target_reached,f78d73de5cbc250e05acf46d1a9b356874a3e8522ffd5a2dd0dd9d666b777446,True
19,PROBPENL,PROBPENL[N=500],scalable,500.0,500,large_101_500,other,bound,academic,2,True,False,6200100.000077724,-5.0,5.0,10.0,10.0,5c1da43d145e313c94e662d36a8b60ddca819b61e83dcf247909d6b0a1b4d787,cc52ca36093141cbf22b25f3b98a1e326d020fb636e54d88e62b1a9241b29a1e,valid_but_not_selected_after_stratum_target_reached,1bf1a626eef325559dce5b2ae23894179d022e627a30d4619fa12d300a351705,True
20,EXPLIN,EXPLIN[N=120],scalable,120.0,120,large_101_500,other,bound,academic,2,True,False,100.0,0.0,10.0,10.0,10.0,7a84225c647f2869fb0ffd5f93f61b43fa5305fde7124d4ef5aedf376037f663,fbac6c0659f7e437cec78925a4b962cec73e9794dcce01a8c7df8dfe878676e6,valid_but_not_selected_after_stratum_target_reached,2501fa7ebf3ad0316c1bbb4e6b22305305333669e766dc764111c4a00f655203,True
21,DIAGIQT,DIAGIQT[N=500],scalable,500.0,500,large_101_500,quadratic,bound,academic,2,True,False,21208.75000000001,-100000.0,1000000.0,1100000.0,1100000.0,42770549c67bf5020986dd410f20f8ca0cc19d53968765768d6c4e9ee1458afc,e7ffacf94a27020f1d4cd92dde22071468daff53057ca9989b70a4dff582367a,valid_but_not_selected_after_stratum_target_reached,5ae2b8d86d62ffef95e49179d6e825b27b6d287e11c2b6206ef0ff1536b6fa20,True
22,DIAGIQE,DIAGIQE[N=500],scalable,500.0,500,large_101_500,quadratic,bound,academic,2,True,False,625.0,-100000.0,1000000.0,1100000.0,1100000.0,4ac7665327a9a6e103f7f47cc1b8fda484ea635045bd599d04877098f8496aa1,db614ca5c58d5e05f394006b9107f3b2b6ec1e4e7fe383ccee9ffedfae38eecd,valid_but_not_selected_after_stratum_target_reached,8febc7b4cb67f76f2eb9b9e7401b093af8d36472a551b5cdfa4e76cd60b0a9a7,True
23,DIAGPQE,DIAGPQE[N=500],scalable,500.0,500,large_101_500,quadratic,bound,academic,2,True,False,63125.0,-100000.0,1000000.0,1100000.0,1100000.0,62e7886912eb2c8970d79e50f8abfccafa26e9e8083d3a9b55476014b94e903a,f98674fe395112622a5b00f625318118abecbce0e7394dc6db2a490dadd69189,valid_but_not_selected_after_stratum_target_reached,c439baee12eb6a2ef5ddb21f8d9f282784a77f55ac44ea0f8583398858099e0a,True
24,EXPLIN2,EXPLIN2[N=120],scalable,120.0,120,large_101_500,other,bound,academic,2,True,False,100.0,0.0,10.0,10.0,10.0,411d600c503ce2b1c311d184db76615f84dcb2b92fe0d75f897ab2fc939322fc,30ad284dea57c1e41f669692732329e3b1a24553c0ef969f1ca681f30eb15cb1,valid_but_not_selected_after_stratum_target_reached,c972c1286163e9d292b25c1a93845e431f6f0693ede265fe2539e09ab0ad06dc,True
